isic_id,target
ISIC_0015657,0.00066889037
ISIC_0015729,0.0001696796
ISIC_0015740,0.0008249744
