isic_id,target
ISIC_0015657,0.03564872
ISIC_0015729,0.036220957
ISIC_0015740,0.026196301
