isic_id,target
ISIC_0015657,0.9901834
ISIC_0015729,0.040406685
ISIC_0015740,0.05807737
